<application>
  <component name="FindSettings">
    <option name="customScope" value="All Places" />
    <option name="defaultScopeName" value="All Places" />
    <option name="showResultsInSeparateView" value="true" />
    <option name="SHOW_RESULTS_IN_SEPARATE_VIEW" value="true" />
    <option name="SEARCH_SCOPE" value="All Places" />
    <option name="FILE_MASK" value="*.java" />
    <mask>*.html</mask>
    <mask>*.jsp</mask>
    <mask>*.js</mask>
    <mask>*.as</mask>
    <mask>*.css</mask>
    <mask>*.mxml</mask>
    <mask>*.conf</mask>
    <mask>*.yaml</mask>
    <mask>*.y</mask>
    <mask>*.c</mask>
    <mask>*.h</mask>
    <mask>xml</mask>
    <mask>*.properties</mask>
    <mask>*.json</mask>
    <mask>*.ed</mask>
    <mask>*.yml</mask>
    <mask>*.xml</mask>
    <mask>*gateway*</mask>
    <mask>*.md</mask>
    <mask>*.java</mask>
  </component>
</application>