<application>
  <component name="GeneralSettings">
    <option name="autoSaveIfInactive" value="true" />
    <option name="browserPath" value="" />
    <option name="confirmOpenNewProject2" value="0" />
    <option name="searchInBackground" value="true" />
    <option name="showTipsOnStartup" value="false" />
  </component>
  <component name="Registry">
    <entry key="ide.firstStartup" value="false" />
    <entry key="ide.windowSystem.autoShowProcessPopup" value="true" />
    <entry key="ide.mac.allowDarkWindowDecorations" value="true" />
    <entry key="git.explicit.commit.renames.prohibit.multiple.calls" value="false" />
    <entry key="ide.allow.merge.buttons" value="false" />
  </component>
</application>