<application>
  <component name="UISettings">
    <option name="CLOSE_NON_MODIFIED_FILES_FIRST" value="true" />
    <option name="EDITOR_TAB_LIMIT" value="25" />
    <option name="FULL_PATHS_IN_TITLE_BAR" value="true" />
    <option name="HIDE_KNOWN_EXTENSION_IN_TABS" value="true" />
    <option name="HIDE_TABS_IF_NEED" value="false" />
    <option name="HIDE_TOOL_STRIPES" value="true" />
    <option name="IDE_AA_TYPE" value="Greyscale" />
    <option name="MARK_MODIFIED_TABS_WITH_ASTERISK" value="true" />
    <option name="MAX_LOOKUP_WIDTH2" value="556" />
    <option name="SCROLL_TAB_LAYOUT_IN_EDITOR" value="false" />
    <option name="SHOW_CLOSE_BUTTON" value="false" />
    <option name="SHOW_NAVIGATION_BAR" value="false" />
    <option name="WIDESCREEN_SUPPORT" value="true" />
  </component>
</application>