<?xml version="1.0" encoding="UTF-8"?>
<inspections profile_name="Jive Profile" version="1.0" is_locked="false">
  <option name="myName" value="Jive Profile" />
  <option name="myLocal" value="true" />
  <inspection_tool class="ConfusingMainMethod" enabled="true" level="WARNING" enabled_by_default="true" />
  <inspection_tool class="ConstantNamingConvention" enabled="true" level="WARNING" enabled_by_default="true">
    <option name="onlyCheckImmutables" value="false" />
    <option name="m_regex" value="[A-Z][A-Z_\d]*" />
    <option name="m_minLength" value="0" />
    <option name="m_maxLength" value="0" />
  </inspection_tool>
  <inspection_tool class="EmptyStatementBody" enabled="true" level="WARNING" enabled_by_default="true">
    <option name="m_reportEmptyBlocks" value="true" />
    <option name="commentsAreContent" value="true" />
  </inspection_tool>
  <inspection_tool class="EnumeratedConstantNamingConvention" enabled="true" level="WARNING" enabled_by_default="true">
    <option name="m_regex" value="[A-Z][A-Z_\d]*" />
    <option name="m_minLength" value="5" />
    <option name="m_maxLength" value="32" />
  </inspection_tool>
  <inspection_tool class="FieldCanBeLocal" enabled="true" level="WARNING" enabled_by_default="true">
    <option name="EXCLUDE_ANNOS">
      <value>
        <list size="1">
          <item index="0" class="java.lang.String" itemvalue="lombok.Getter" />
        </list>
      </value>
    </option>
    <option name="IGNORE_FIELDS_USED_IN_MULTIPLE_METHODS" value="true" />
  </inspection_tool>
  <inspection_tool class="FieldMayBeFinal" enabled="true" level="WARNING" enabled_by_default="true" />
  <inspection_tool class="FinalMethodInFinalClass" enabled="true" level="WARNING" enabled_by_default="true" />
  <inspection_tool class="InstanceMethodNamingConvention" enabled="true" level="WARNING" enabled_by_default="true">
    <option name="m_regex" value="[a-z][A-Za-z\d]*" />
    <option name="m_minLength" value="0" />
    <option name="m_maxLength" value="0" />
  </inspection_tool>
  <inspection_tool class="InstanceVariableNamingConvention" enabled="true" level="WARNING" enabled_by_default="true">
    <option name="m_regex" value="[a-z][A-Za-z\d]*" />
    <option name="m_minLength" value="0" />
    <option name="m_maxLength" value="0" />
  </inspection_tool>
  <inspection_tool class="LocalCanBeFinal" enabled="true" level="WARNING" enabled_by_default="true">
    <option name="REPORT_VARIABLES" value="true" />
    <option name="REPORT_PARAMETERS" value="true" />
  </inspection_tool>
  <inspection_tool class="LocalVariableNamingConvention" enabled="true" level="WARNING" enabled_by_default="true">
    <option name="m_ignoreForLoopParameters" value="false" />
    <option name="m_ignoreCatchParameters" value="false" />
    <option name="m_regex" value="[a-z][A-Za-z\d]*" />
    <option name="m_minLength" value="0" />
    <option name="m_maxLength" value="0" />
  </inspection_tool>
  <inspection_tool class="LoggerInitializedWithForeignClass" enabled="false" level="WARNING" enabled_by_default="false">
    <option name="loggerClassName" value="org.apache.log4j.Logger,org.slf4j.LoggerFactory,org.apache.commons.logging.LogFactory,java.util.logging.Logger" />
    <option name="loggerFactoryMethodName" value="getLogger,getLogger,getLog,getLogger" />
  </inspection_tool>
  <inspection_tool class="MethodNamesDifferOnlyByCase" enabled="true" level="WARNING" enabled_by_default="true" />
  <inspection_tool class="NonExceptionNameEndsWithException" enabled="true" level="WARNING" enabled_by_default="true" />
  <inspection_tool class="NonFinalFieldInEnum" enabled="true" level="WARNING" enabled_by_default="true" />
  <inspection_tool class="NonFinalFieldOfException" enabled="true" level="WARNING" enabled_by_default="true" />
  <inspection_tool class="NonFinalUtilityClass" enabled="true" level="WARNING" enabled_by_default="true" />
  <inspection_tool class="ProtectedMemberInFinalClass" enabled="true" level="WARNING" enabled_by_default="true" />
  <inspection_tool class="SerialVersionUIDNotStaticFinal" enabled="true" level="WARNING" enabled_by_default="true" />
  <inspection_tool class="SerializableHasSerialVersionUIDField" enabled="true" level="WARNING" enabled_by_default="true">
    <option name="ignoreAnonymousInnerClasses" value="false" />
    <option name="superClassString" value="" />
  </inspection_tool>
  <inspection_tool class="SystemGC" enabled="true" level="WARNING" enabled_by_default="true" />
  <inspection_tool class="UpperCaseFieldNameNotConstant" enabled="true" level="WARNING" enabled_by_default="true" />
  <inspection_tool class="ZeroLengthArrayInitialization" enabled="true" level="WARNING" enabled_by_default="true" />
</inspections>

