<keymap version="1" name="mine" parent="Default for XWin">
  <action id="$Copy">
    <keyboard-shortcut first-keystroke="meta c" />
  </action>
  <action id="$Cut">
    <keyboard-shortcut first-keystroke="shift delete" />
    <keyboard-shortcut first-keystroke="meta x" />
  </action>
  <action id="$LRU">
    <keyboard-shortcut first-keystroke="alt r" />
  </action>
  <action id="$Paste">
    <keyboard-shortcut first-keystroke="shift help" />
    <keyboard-shortcut first-keystroke="meta v" />
  </action>
  <action id="$Redo">
    <keyboard-shortcut first-keystroke="shift meta z" />
  </action>
  <action id="$SelectAll">
    <keyboard-shortcut first-keystroke="meta a" />
  </action>
  <action id="$Undo">
    <keyboard-shortcut first-keystroke="meta z" />
  </action>
  <action id="ActivateAntBuildToolWindow">
    <keyboard-shortcut first-keystroke="alt 2" />
  </action>
  <action id="ActivateFavoritesToolWindow" />
  <action id="ActivateFindToolWindow">
    <keyboard-shortcut first-keystroke="alt 3" />
    <keyboard-shortcut first-keystroke="shift alt 3" />
  </action>
  <action id="ActivateGradleToolWindow">
    <keyboard-shortcut first-keystroke="alt 7" />
  </action>
  <action id="ActivateMavenProjectsToolWindow">
    <keyboard-shortcut first-keystroke="alt 7" />
  </action>
  <action id="ActivateMavenToolWindow">
    <keyboard-shortcut first-keystroke="alt 7" />
  </action>
  <action id="ActivateProblemsViewToolWindow">
    <keyboard-shortcut first-keystroke="alt 2" />
  </action>
  <action id="ActivateStructureToolWindow" />
  <action id="ActivateTODOToolWindow" />
  <action id="ActivateTerminalToolWindow">
    <keyboard-shortcut first-keystroke="alt 6" />
  </action>
  <action id="Back">
    <keyboard-shortcut first-keystroke="alt left" />
    <keyboard-shortcut first-keystroke="alt h" />
    <keyboard-shortcut first-keystroke="meta open_bracket" />
  </action>
  <action id="CloseContent">
    <keyboard-shortcut first-keystroke="ctrl f4" />
    <keyboard-shortcut first-keystroke="meta w" />
  </action>
  <action id="CloseProject">
    <keyboard-shortcut first-keystroke="alt c" />
  </action>
  <action id="CompareClipboardWithSelection">
    <keyboard-shortcut first-keystroke="ctrl meta alt d" />
  </action>
  <action id="Console.TableResult.EditValueMaximized">
    <keyboard-shortcut first-keystroke="shift enter" />
  </action>
  <action id="CopyPaths">
    <keyboard-shortcut first-keystroke="shift meta c" />
  </action>
  <action id="Editor Copy">
    <keyboard-shortcut first-keystroke="meta c" />
  </action>
  <action id="Editor Cut">
    <keyboard-shortcut first-keystroke="meta x" />
  </action>
  <action id="Editor LRU">
    <keyboard-shortcut first-keystroke="alt r" />
  </action>
  <action id="Editor Paste">
    <keyboard-shortcut first-keystroke="shift help" />
    <keyboard-shortcut first-keystroke="meta v" />
  </action>
  <action id="Editor Redo">
    <keyboard-shortcut first-keystroke="shift meta z" />
  </action>
  <action id="Editor SelectAll">
    <keyboard-shortcut first-keystroke="meta a" />
  </action>
  <action id="Editor Undo">
    <keyboard-shortcut first-keystroke="meta z" />
  </action>
  <action id="EditorMoveToPageBottom" />
  <action id="EditorMoveToPageTop" />
  <action id="EditorPasteSimple">
    <keyboard-shortcut first-keystroke="shift meta alt v" />
  </action>
  <action id="FindInPath">
    <keyboard-shortcut first-keystroke="shift ctrl f" />
    <keyboard-shortcut first-keystroke="shift alt f3" />
  </action>
  <action id="Forward">
    <keyboard-shortcut first-keystroke="alt right" />
    <keyboard-shortcut first-keystroke="alt l" />
    <keyboard-shortcut first-keystroke="meta close_bracket" />
  </action>
  <action id="Generate">
    <keyboard-shortcut first-keystroke="alt help" />
  </action>
  <action id="JupyterDebugAction" />
  <action id="NextProjectWindow">
    <keyboard-shortcut first-keystroke="meta right" />
  </action>
  <action id="NextSplitter">
    <keyboard-shortcut first-keystroke="meta down" />
  </action>
  <action id="NextTab">
    <keyboard-shortcut first-keystroke="shift meta close_bracket" />
  </action>
  <action id="PasteMultiple">
    <keyboard-shortcut first-keystroke="shift ctrl v" />
    <keyboard-shortcut first-keystroke="shift meta v" />
  </action>
  <action id="PrevSplitter">
    <keyboard-shortcut first-keystroke="meta up" />
  </action>
  <action id="PreviousProjectWindow">
    <keyboard-shortcut first-keystroke="meta left" />
  </action>
  <action id="PreviousTab">
    <keyboard-shortcut first-keystroke="shift meta open_bracket" />
  </action>
  <action id="Refactorings.QuickListPopupAction">
    <keyboard-shortcut first-keystroke="shift ctrl alt t" />
    <keyboard-shortcut first-keystroke="shift alt enter" />
  </action>
  <action id="ShowPopupMenu">
    <keyboard-shortcut first-keystroke="context_menu" />
    <keyboard-shortcut first-keystroke="alt space" />
  </action>
  <action id="SwitchApply">
    <keyboard-shortcut first-keystroke="shift alt enter" />
  </action>
  <action id="SwitchDown">
    <keyboard-shortcut first-keystroke="shift alt down" />
  </action>
  <action id="SwitchLeft">
    <keyboard-shortcut first-keystroke="shift alt left" />
  </action>
  <action id="SwitchRight">
    <keyboard-shortcut first-keystroke="shift alt right" />
  </action>
  <action id="SwitchUp">
    <keyboard-shortcut first-keystroke="shift alt up" />
  </action>
</keymap>